num_params,learning_rate,test_acc,processor,num_epochs
104250    ,0.00010      ,0.98110 ,GPU      ,16        ,2000
104250    ,0.00100      ,0.98480 ,GPU      ,16        ,2000
104250    ,0.01000      ,0.98620 ,GPU      ,16        ,2000
104250    ,0.10000      ,0.99120 ,GPU      ,16        ,2000